config,k,behavior_ndcg,behavior_align,behavior_tag_recall,behavior_domain_recall,samples
without_hot,5,0.357878,0.26553,0.141604,0.389892,20
without_hot,10,0.315851,0.213607,0.196587,0.530493,20
without_hot,20,0.297431,0.191086,0.33116,0.722451,20
with_hot,5,0.36366,0.273565,0.147195,0.412086,20
with_hot,10,0.32643,0.226383,0.207627,0.570314,20
with_hot,20,0.318104,0.213895,0.379421,0.807791,20
