config,k,behavior_ndcg,behavior_align,behavior_tag_recall,behavior_domain_recall,samples
without_hot,5,0.368876,0.279452,0.146311,0.353545,20
without_hot,10,0.334225,0.23481,0.209984,0.524625,20
without_hot,20,0.311529,0.201856,0.348266,0.76602,20
with_hot,5,0.374974,0.287487,0.151903,0.375739,20
with_hot,10,0.34182,0.242687,0.213371,0.550798,20
with_hot,20,0.322363,0.212987,0.381314,0.786204,20
