config,k,behavior_ndcg,behavior_align,behavior_tag_recall,behavior_domain_recall,samples
without_hot,5,0.367687,0.316076,0.210555,0.680243,29
without_hot,10,0.297956,0.227521,0.261543,0.789236,29
without_hot,20,0.283861,0.222491,0.442495,0.955688,29
with_hot,5,0.373066,0.317894,0.199678,0.682938,29
with_hot,10,0.320588,0.252383,0.247398,0.801647,29
with_hot,20,0.307031,0.245131,0.422919,0.927405,29
