stage,users,avg_behavior_count,cf,swing,graph,semantic,hot
warm,1,13.0,0.1675,0.016,0.314,0.2722,0.2303
active,19,27.0,0.330047,0.020537,0.287468,0.255516,0.106447
