stage,users,avg_behavior_count,cf,swing,graph,semantic,hot
warm,1,13.0,0.1465,0.016,0.2617,0.2303,0.2303
active,19,27.0,0.332589,0.022847,0.261326,0.237574,0.118763
